consumo_kwh,uso_horario_pico,cantidad_equipos,tipo_inmueble,horas_alto_consumo,categoria
150.9,True,9,Apartamento,5,Moderado
399.3,False,21,Casa,9,Moderado
50.8,False,2,Comercial,1,Moderado
192.8,True,12,Apartamento,11,Ineficiente
270.2,True,20,Casa,6,Moderado
803.6,True,23,Comercial,7,Ineficiente
103.3,False,7,Apartamento,2,Eficiente
171.7,False,16,Apartamento,6,Eficiente
80.8,False,6,Casa,0,Eficiente
82.8,True,4,Casa,11,Ineficiente
157.6,True,10,Casa,9,Ineficiente
814.2,False,22,Comercial,5,Ineficiente
275.4,True,17,Apartamento,10,Ineficiente
203.6,False,13,Apartamento,10,Moderado
124.9,True,8,Casa,1,Eficiente
101.3,True,5,Casa,0,Moderado
142.1,False,8,Apartamento,3,Eficiente
67.9,False,5,Casa,0,Eficiente
75.2,False,6,Apartamento,7,Eficiente
200.1,True,17,Apartamento,6,Eficiente
65.5,False,5,Apartamento,6,Eficiente
61.9,False,3,Casa,0,Moderado
413.5,False,14,Comercial,11,Ineficiente
250.2,False,8,Comercial,12,Ineficiente
149.3,False,12,Apartamento,7,Eficiente
70.6,False,5,Casa,0,Eficiente
92.9,True,6,Casa,5,Moderado
262.6,True,12,Casa,9,Ineficiente
324.8,False,17,Casa,9,Moderado
142.7,True,11,Apartamento,3,Eficiente
230.1,True,14,Apartamento,10,Ineficiente
310.2,False,14,Comercial,12,Ineficiente
122.7,True,8,Casa,6,Moderado
120.7,False,8,Casa,4,Eficiente
255.7,False,11,Casa,6,Ineficiente
40.5,True,2,Casa,0,Moderado
327.6,False,17,Casa,6,Moderado
202.5,True,16,Casa,0,Eficiente
131.3,False,9,Casa,0,Eficiente
151.4,False,10,Apartamento,7,Eficiente
150.3,True,9,Casa,6,Moderado
281.0,True,16,Apartamento,12,Ineficiente
308.2,True,19,Apartamento,6,Moderado
69.7,True,4,Casa,12,Ineficiente
177.1,True,11,Apartamento,10,Ineficiente
36.0,False,2,Apartamento,4,Moderado
210.9,True,12,Casa,12,Ineficiente
136.8,False,7,Casa,6,Moderado
157.7,True,9,Apartamento,7,Ineficiente
183.4,False,12,Casa,1,Eficiente
199.6,True,9,Casa,2,Ineficiente
150.2,True,11,Casa,6,Moderado
289.7,False,19,Apartamento,3,Eficiente
327.5,True,20,Apartamento,7,Moderado
29.9,False,2,Apartamento,1,Eficiente
139.6,True,10,Apartamento,3,Eficiente
404.6,False,21,Casa,8,Moderado
155.0,False,14,Apartamento,7,Eficiente
89.6,False,6,Casa,12,Moderado
232.7,True,15,Casa,11,Ineficiente
74.1,True,5,Apartamento,10,Moderado
34.7,True,2,Casa,0,Moderado
189.7,True,16,Apartamento,7,Eficiente
223.8,True,13,Apartamento,2,Moderado
245.9,False,19,Apartamento,3,Eficiente
121.9,False,9,Apartamento,2,Eficiente
278.1,False,21,Apartamento,5,Eficiente
160.2,True,11,Casa,1,Eficiente
369.0,True,18,Casa,6,Ineficiente
69.8,False,4,Casa,2,Eficiente
51.1,True,4,Casa,6,Eficiente
460.2,True,20,Casa,8,Ineficiente
749.4,False,21,Comercial,2,Ineficiente
469.5,False,23,Casa,1,Moderado
197.9,False,9,Casa,10,Ineficiente
44.8,True,2,Casa,9,Ineficiente
389.9,False,24,Casa,3,Eficiente
224.0,True,15,Apartamento,11,Ineficiente
104.4,True,7,Apartamento,2,Eficiente
228.9,False,19,Apartamento,12,Eficiente
256.6,True,22,Apartamento,1,Eficiente
110.6,False,8,Casa,8,Eficiente
291.4,True,19,Apartamento,0,Eficiente
420.7,True,20,Casa,2,Ineficiente
270.6,False,13,Casa,5,Moderado
256.3,True,16,Casa,1,Moderado
92.2,False,8,Apartamento,5,Eficiente
402.5,True,23,Casa,3,Moderado
444.1,False,24,Casa,1,Eficiente
420.5,True,24,Apartamento,12,Ineficiente
396.9,True,18,Casa,12,Ineficiente
35.0,False,2,Apartamento,12,Moderado
217.8,True,10,Casa,2,Ineficiente
276.2,True,12,Casa,4,Ineficiente
423.1,False,24,Casa,4,Moderado
142.8,False,14,Apartamento,4,Eficiente
189.0,False,14,Casa,5,Eficiente
84.1,False,5,Casa,6,Moderado
307.7,False,20,Casa,6,Eficiente
216.5,False,9,Comercial,3,Ineficiente
152.6,False,4,Comercial,12,Ineficiente
274.6,True,24,Apartamento,12,Moderado
137.8,True,6,Casa,4,Ineficiente
69.4,False,2,Comercial,2,Ineficiente
45.6,False,3,Apartamento,6,Eficiente
185.7,False,12,Apartamento,4,Eficiente
64.7,True,4,Casa,12,Ineficiente
411.2,True,21,Casa,5,Ineficiente
190.0,False,13,Casa,0,Eficiente
340.9,False,9,Comercial,1,Ineficiente
31.7,True,2,Casa,0,Eficiente
199.6,False,13,Casa,4,Eficiente
101.4,False,5,Casa,4,Moderado
367.5,False,24,Apartamento,11,Moderado
139.8,True,8,Casa,11,Ineficiente
388.6,False,12,Comercial,1,Ineficiente
22.3,False,2,Apartamento,12,Eficiente
77.3,False,5,Apartamento,7,Eficiente
93.1,True,6,Casa,3,Moderado
36.3,False,3,Apartamento,5,Eficiente
200.9,False,18,Apartamento,5,Eficiente
289.6,True,23,Apartamento,2,Eficiente
388.3,True,24,Casa,11,Ineficiente
140.0,False,8,Casa,0,Eficiente
293.1,False,20,Casa,0,Eficiente
190.9,True,13,Casa,3,Moderado
55.4,True,3,Casa,1,Moderado
56.0,True,4,Casa,0,Eficiente
280.6,False,14,Casa,4,Moderado
195.0,False,11,Apartamento,4,Moderado
34.4,True,2,Casa,1,Moderado
856.1,True,23,Comercial,10,Ineficiente
191.3,True,18,Apartamento,11,Eficiente
169.8,False,13,Casa,9,Eficiente
380.6,False,24,Apartamento,6,Eficiente
499.7,False,24,Casa,12,Ineficiente
868.2,True,24,Comercial,4,Ineficiente
92.5,True,7,Casa,5,Eficiente
359.2,True,22,Apartamento,0,Moderado
216.7,False,13,Casa,9,Moderado
285.8,False,18,Casa,1,Eficiente
303.8,False,21,Casa,8,Eficiente
194.6,True,5,Comercial,10,Ineficiente
124.0,False,12,Apartamento,2,Eficiente
86.1,True,4,Casa,7,Ineficiente
156.1,False,8,Casa,3,Moderado
225.9,False,11,Casa,5,Moderado
331.3,False,21,Apartamento,6,Eficiente
459.3,False,21,Casa,3,Moderado
145.8,True,10,Casa,10,Moderado
88.3,False,9,Apartamento,5,Eficiente
444.8,True,14,Comercial,6,Ineficiente
361.3,False,22,Casa,10,Moderado
260.2,True,24,Apartamento,2,Eficiente
102.3,True,7,Casa,5,Moderado
75.5,True,6,Apartamento,12,Moderado
240.5,True,18,Casa,5,Eficiente
82.2,False,8,Apartamento,1,Eficiente
105.0,False,6,Apartamento,3,Eficiente
24.8,True,2,Apartamento,12,Moderado
255.3,False,11,Casa,9,Ineficiente
421.9,False,11,Comercial,10,Ineficiente
198.0,True,14,Casa,3,Eficiente
121.9,True,6,Casa,10,Ineficiente
267.2,False,18,Apartamento,5,Eficiente
341.0,False,17,Casa,10,Ineficiente
127.3,True,12,Apartamento,11,Eficiente
68.3,False,6,Apartamento,2,Eficiente
174.6,True,13,Casa,12,Moderado
541.9,True,17,Comercial,8,Ineficiente
232.6,False,10,Casa,9,Ineficiente
123.6,False,8,Apartamento,9,Moderado
263.6,False,13,Casa,2,Moderado
387.2,True,10,Comercial,9,Ineficiente
219.1,True,11,Casa,2,Moderado
130.3,True,10,Casa,3,Eficiente
175.7,True,8,Casa,1,Ineficiente
496.2,True,18,Comercial,2,Ineficiente
252.9,False,12,Comercial,12,Ineficiente
168.7,False,12,Apartamento,4,Eficiente
643.7,False,17,Comercial,5,Ineficiente
256.3,True,10,Comercial,6,Ineficiente
55.7,True,4,Apartamento,9,Moderado
304.0,False,21,Casa,7,Eficiente
30.9,True,3,Apartamento,6,Eficiente
157.1,False,15,Apartamento,10,Eficiente
163.6,True,8,Casa,6,Ineficiente
131.6,False,6,Casa,9,Ineficiente
22.0,False,2,Apartamento,11,Eficiente
345.7,False,22,Casa,8,Moderado
269.6,False,11,Comercial,0,Moderado
116.0,False,9,Casa,3,Eficiente
353.0,True,19,Casa,8,Ineficiente
31.4,False,2,Apartamento,6,Eficiente
274.4,False,14,Casa,3,Moderado
218.3,False,13,Casa,4,Eficiente
202.5,True,14,Apartamento,1,Eficiente
90.8,True,4,Comercial,3,Ineficiente
328.1,False,23,Casa,10,Eficiente
158.6,False,7,Casa,0,Moderado
275.3,True,17,Apartamento,10,Ineficiente
714.6,True,19,Comercial,4,Ineficiente
157.5,True,9,Apartamento,10,Ineficiente
98.1,False,5,Casa,3,Moderado
181.0,True,8,Casa,10,Ineficiente
342.0,True,20,Casa,7,Ineficiente
278.1,True,22,Casa,11,Moderado
237.5,False,23,Apartamento,0,Eficiente
96.5,True,7,Casa,10,Moderado
159.0,True,15,Apartamento,3,Eficiente
63.8,False,5,Apartamento,4,Eficiente
282.4,True,18,Apartamento,0,Eficiente
232.5,False,11,Casa,12,Ineficiente
265.6,False,18,Apartamento,8,Eficiente
187.5,True,17,Apartamento,12,Moderado
386.0,True,24,Apartamento,7,Moderado
213.6,True,13,Casa,2,Moderado
114.7,True,9,Casa,4,Eficiente
364.7,True,14,Comercial,5,Ineficiente
80.9,True,5,Casa,1,Moderado
62.2,True,4,Casa,12,Ineficiente
277.8,False,13,Casa,12,Ineficiente
323.7,True,20,Apartamento,7,Moderado
469.3,True,14,Comercial,7,Ineficiente
267.9,False,19,Casa,9,Eficiente
213.2,True,6,Comercial,8,Ineficiente
239.0,True,12,Casa,0,Moderado
183.0,True,16,Apartamento,6,Eficiente
137.2,True,9,Apartamento,10,Ineficiente
35.6,True,2,Casa,10,Ineficiente
52.0,False,3,Casa,7,Moderado
317.7,False,23,Casa,11,Eficiente
454.9,True,15,Comercial,7,Ineficiente
85.1,True,8,Apartamento,4,Eficiente
167.7,False,7,Comercial,5,Ineficiente
21.8,False,2,Apartamento,8,Eficiente
526.8,True,23,Casa,11,Ineficiente
48.8,True,4,Apartamento,2,Eficiente
312.3,True,19,Casa,3,Moderado
112.5,False,7,Casa,8,Moderado
156.1,True,9,Apartamento,9,Ineficiente
116.2,True,8,Apartamento,5,Moderado
450.5,True,20,Casa,8,Ineficiente
24.6,True,2,Apartamento,0,Eficiente
107.6,False,10,Apartamento,3,Eficiente
248.1,False,8,Comercial,12,Ineficiente
101.6,False,8,Apartamento,7,Eficiente
127.6,True,6,Casa,11,Ineficiente
486.2,True,22,Casa,2,Ineficiente
177.0,False,10,Casa,3,Eficiente
197.6,False,11,Apartamento,12,Moderado
309.5,True,10,Comercial,12,Ineficiente
372.6,True,24,Casa,11,Ineficiente
160.9,False,9,Casa,4,Moderado
117.0,False,9,Casa,10,Eficiente
149.0,False,9,Apartamento,5,Eficiente
95.9,False,9,Apartamento,10,Eficiente
63.7,True,4,Casa,11,Ineficiente
280.6,True,15,Casa,5,Ineficiente
20.3,True,2,Apartamento,3,Eficiente
94.2,False,7,Casa,12,Eficiente
93.9,False,6,Apartamento,5,Eficiente
107.0,True,8,Casa,5,Eficiente
337.3,False,19,Casa,8,Moderado
406.4,True,15,Comercial,12,Ineficiente
361.5,True,24,Casa,1,Eficiente
146.4,True,10,Casa,12,Ineficiente
479.4,False,23,Casa,5,Moderado
68.6,False,3,Casa,0,Moderado
183.5,False,13,Casa,4,Eficiente
459.3,False,20,Casa,6,Ineficiente
266.3,False,14,Casa,8,Moderado
449.2,False,23,Casa,7,Moderado
141.9,False,9,Apartamento,1,Eficiente
31.4,True,2,Apartamento,6,Moderado
407.6,False,19,Casa,3,Moderado
53.5,False,3,Casa,3,Eficiente
271.3,False,19,Apartamento,9,Eficiente
482.9,True,18,Comercial,10,Ineficiente
480.8,False,21,Comercial,2,Moderado
257.1,False,13,Casa,7,Moderado
285.2,True,22,Casa,5,Eficiente
77.9,False,5,Casa,4,Eficiente
149.8,True,11,Casa,9,Moderado
45.6,True,4,Apartamento,3,Eficiente
370.5,True,19,Casa,9,Ineficiente
349.0,False,18,Casa,5,Moderado
342.9,False,20,Casa,1,Eficiente
200.6,True,19,Apartamento,10,Eficiente
155.5,False,9,Casa,11,Moderado
38.3,True,3,Apartamento,7,Moderado
468.8,True,23,Casa,9,Ineficiente
408.5,False,13,Comercial,1,Ineficiente
71.6,False,4,Casa,4,Moderado
319.5,False,23,Apartamento,4,Eficiente
921.4,False,24,Comercial,9,Ineficiente
415.4,False,12,Comercial,4,Ineficiente
265.5,True,19,Apartamento,9,Moderado
27.7,True,2,Apartamento,3,Eficiente
40.1,True,4,Apartamento,7,Eficiente
141.7,False,8,Apartamento,2,Eficiente
272.8,False,17,Casa,7,Moderado
59.7,False,5,Apartamento,1,Eficiente
36.4,True,2,Apartamento,9,Ineficiente
576.9,True,17,Comercial,0,Ineficiente
249.1,False,19,Casa,12,Eficiente
252.1,False,19,Casa,10,Eficiente
200.3,True,20,Apartamento,7,Eficiente
381.5,True,20,Casa,11,Ineficiente
200.6,True,15,Casa,10,Moderado
294.8,True,13,Casa,1,Ineficiente
477.1,True,21,Casa,9,Ineficiente
185.0,True,10,Casa,4,Moderado
77.0,False,4,Casa,11,Ineficiente
299.3,True,19,Casa,11,Ineficiente
106.3,True,8,Casa,12,Moderado
493.5,True,24,Casa,5,Ineficiente
117.2,False,11,Apartamento,2,Eficiente
284.0,True,21,Casa,1,Eficiente
53.2,True,2,Comercial,2,Ineficiente
360.8,True,17,Comercial,12,Ineficiente
207.5,False,12,Casa,7,Moderado
242.9,False,12,Casa,4,Moderado
132.3,True,8,Apartamento,5,Moderado
357.0,True,24,Apartamento,2,Eficiente
186.1,True,11,Apartamento,7,Ineficiente
277.5,False,21,Apartamento,5,Eficiente
186.2,False,11,Apartamento,10,Moderado
42.2,True,3,Apartamento,0,Eficiente
330.2,True,22,Casa,12,Ineficiente
106.4,False,6,Apartamento,0,Eficiente
124.6,False,8,Casa,5,Eficiente
210.4,True,21,Apartamento,4,Eficiente
558.1,True,22,Comercial,9,Ineficiente
380.9,True,23,Casa,8,Ineficiente
140.3,False,11,Apartamento,2,Eficiente
347.1,False,19,Casa,6,Moderado
155.0,False,9,Apartamento,6,Moderado
299.4,False,19,Casa,6,Eficiente
394.9,True,13,Comercial,0,Ineficiente
48.8,True,3,Casa,2,Moderado
393.7,True,11,Comercial,6,Ineficiente
133.5,False,12,Apartamento,3,Eficiente
74.7,False,7,Apartamento,7,Eficiente
140.3,True,10,Apartamento,2,Eficiente
200.8,True,13,Apartamento,9,Moderado
106.0,False,3,Comercial,2,Ineficiente
94.8,False,5,Casa,8,Moderado
309.7,False,19,Apartamento,10,Moderado
168.4,True,10,Casa,4,Moderado
151.1,False,15,Apartamento,1,Eficiente
207.8,False,15,Casa,0,Eficiente
141.8,False,14,Apartamento,4,Eficiente
138.2,False,11,Apartamento,1,Eficiente
233.4,False,13,Casa,11,Moderado
255.9,False,20,Apartamento,12,Eficiente
348.2,False,24,Apartamento,12,Moderado
96.9,True,7,Apartamento,11,Moderado
338.7,True,17,Casa,7,Ineficiente
369.7,False,24,Apartamento,4,Eficiente
53.5,False,2,Comercial,5,Ineficiente
326.8,True,20,Casa,3,Moderado
246.0,True,13,Casa,10,Ineficiente
457.0,False,24,Casa,5,Moderado
186.7,False,15,Apartamento,5,Eficiente
339.5,False,21,Casa,8,Moderado
78.1,True,5,Apartamento,4,Moderado
76.2,False,5,Apartamento,4,Eficiente
323.3,False,23,Casa,2,Eficiente
405.1,True,14,Comercial,0,Ineficiente
242.2,True,14,Apartamento,0,Moderado
65.0,False,5,Casa,5,Eficiente
152.9,True,7,Casa,12,Ineficiente
287.2,False,20,Casa,3,Eficiente
144.6,False,8,Casa,8,Moderado
257.7,False,15,Casa,4,Eficiente
190.6,True,9,Comercial,3,Ineficiente
179.9,False,8,Casa,2,Moderado
87.6,True,5,Casa,7,Ineficiente
409.8,False,23,Apartamento,8,Moderado
280.8,True,23,Apartamento,4,Eficiente
146.4,False,4,Comercial,6,Ineficiente
175.5,False,10,Apartamento,6,Moderado
260.6,True,14,Casa,3,Moderado
147.9,True,10,Casa,8,Moderado
600.0,False,18,Comercial,7,Ineficiente
100.9,True,7,Apartamento,0,Eficiente
114.0,True,3,Comercial,6,Ineficiente
156.1,False,9,Casa,5,Moderado
387.5,False,15,Comercial,10,Ineficiente
65.8,False,6,Apartamento,3,Eficiente
402.9,True,20,Casa,12,Ineficiente
36.0,False,2,Apartamento,7,Moderado
30.1,False,3,Apartamento,1,Eficiente
267.8,True,13,Casa,5,Ineficiente
293.9,True,13,Casa,11,Ineficiente
83.4,True,8,Apartamento,3,Eficiente
96.5,True,7,Casa,9,Moderado
60.2,False,3,Casa,10,Ineficiente
333.2,True,17,Casa,9,Ineficiente
133.4,False,10,Casa,1,Eficiente
144.1,True,4,Comercial,4,Ineficiente
156.2,True,11,Apartamento,4,Moderado
515.1,True,23,Casa,4,Ineficiente
294.4,False,8,Comercial,11,Ineficiente
783.8,False,22,Comercial,0,Ineficiente
127.2,True,7,Casa,7,Ineficiente
71.5,True,6,Apartamento,12,Moderado
126.5,True,7,Casa,11,Ineficiente
205.3,False,9,Comercial,7,Ineficiente
61.3,True,4,Apartamento,12,Ineficiente
163.9,False,15,Apartamento,5,Eficiente
163.1,True,9,Casa,7,Ineficiente
395.6,True,18,Comercial,7,Ineficiente
205.9,False,13,Casa,0,Eficiente
181.3,False,12,Casa,0,Eficiente
231.6,True,12,Casa,11,Ineficiente
82.0,False,5,Apartamento,2,Eficiente
237.9,True,18,Casa,4,Eficiente
145.2,True,4,Comercial,8,Ineficiente
306.5,True,18,Apartamento,7,Ineficiente
391.1,False,24,Casa,6,Eficiente
374.6,False,19,Casa,12,Ineficiente
203.4,True,12,Casa,10,Ineficiente
99.9,False,9,Apartamento,12,Eficiente
313.3,False,22,Apartamento,8,Eficiente
94.7,False,7,Casa,12,Eficiente
223.3,False,13,Apartamento,7,Moderado
429.1,False,19,Casa,7,Ineficiente
384.1,False,23,Apartamento,10,Moderado
715.9,True,23,Comercial,11,Ineficiente
57.9,True,4,Apartamento,0,Eficiente
397.6,False,22,Apartamento,11,Moderado
47.5,True,4,Apartamento,8,Eficiente
201.3,False,15,Casa,11,Eficiente
429.4,True,23,Casa,9,Ineficiente
274.6,False,17,Casa,12,Moderado
287.7,True,23,Apartamento,3,Eficiente
88.7,False,9,Apartamento,2,Eficiente
133.3,True,9,Apartamento,2,Eficiente
231.8,True,9,Comercial,3,Ineficiente
146.3,False,10,Casa,2,Eficiente
172.4,False,17,Apartamento,5,Eficiente
198.4,False,12,Casa,2,Eficiente
397.7,False,18,Casa,2,Moderado
138.9,True,11,Apartamento,6,Eficiente
299.0,False,9,Comercial,10,Ineficiente
96.9,True,6,Apartamento,1,Moderado
226.0,False,14,Casa,6,Eficiente
367.4,True,22,Apartamento,8,Ineficiente
421.5,True,21,Casa,9,Ineficiente
217.5,False,7,Comercial,1,Ineficiente
117.7,False,12,Apartamento,9,Eficiente
233.6,True,18,Casa,0,Eficiente
372.8,False,16,Casa,3,Moderado
63.1,False,3,Casa,4,Moderado
568.1,True,15,Comercial,11,Ineficiente
44.7,False,2,Casa,2,Moderado
39.9,True,4,Apartamento,10,Eficiente
279.7,True,17,Apartamento,12,Ineficiente
54.4,False,4,Apartamento,12,Eficiente
190.1,True,9,Casa,3,Ineficiente
316.8,True,15,Comercial,1,Ineficiente
267.1,False,17,Casa,2,Eficiente
193.3,True,12,Apartamento,9,Ineficiente
65.8,False,4,Apartamento,2,Eficiente
300.1,False,20,Apartamento,8,Eficiente
607.7,True,23,Comercial,4,Ineficiente
350.9,False,22,Casa,9,Moderado
340.5,True,19,Apartamento,7,Ineficiente
190.8,False,11,Casa,7,Moderado
383.4,True,22,Casa,10,Ineficiente
241.3,False,13,Casa,12,Ineficiente
85.1,True,5,Casa,4,Moderado
389.9,False,21,Casa,6,Moderado
155.4,True,9,Casa,8,Ineficiente
495.2,True,23,Casa,10,Ineficiente
174.4,False,10,Apartamento,6,Moderado
370.2,False,21,Apartamento,4,Moderado
261.7,False,14,Casa,11,Ineficiente
208.5,True,12,Casa,12,Ineficiente
161.7,True,8,Casa,7,Ineficiente
353.7,True,21,Apartamento,1,Moderado
56.0,True,3,Casa,3,Moderado
241.9,False,12,Casa,6,Moderado
207.0,False,10,Casa,9,Ineficiente
278.7,False,14,Casa,8,Moderado
144.6,True,7,Casa,10,Ineficiente
196.4,True,17,Apartamento,0,Eficiente
139.9,False,10,Apartamento,6,Eficiente
88.4,True,6,Apartamento,9,Moderado
58.9,False,6,Apartamento,12,Eficiente
305.8,True,18,Apartamento,1,Moderado
153.5,True,8,Casa,11,Ineficiente
98.0,False,9,Apartamento,0,Eficiente
266.5,True,16,Apartamento,2,Moderado
183.1,False,9,Casa,11,Ineficiente
161.7,True,10,Apartamento,10,Ineficiente
117.8,True,7,Casa,12,Ineficiente
152.8,True,9,Apartamento,7,Ineficiente
225.7,True,17,Apartamento,8,Moderado
437.8,False,14,Comercial,6,Ineficiente
504.3,True,24,Comercial,6,Ineficiente
289.1,False,19,Apartamento,6,Eficiente
31.7,False,2,Apartamento,3,Eficiente
145.6,True,10,Apartamento,11,Moderado
143.7,True,8,Casa,4,Moderado
249.1,True,15,Apartamento,7,Moderado
159.7,False,8,Casa,8,Moderado
374.5,False,24,Casa,6,Eficiente
183.7,True,8,Casa,7,Ineficiente
220.4,False,14,Apartamento,0,Eficiente
93.1,False,4,Casa,4,Ineficiente
508.0,True,22,Casa,5,Ineficiente
495.5,True,22,Casa,5,Ineficiente
415.2,False,20,Casa,11,Ineficiente
191.8,True,10,Casa,11,Ineficiente
33.7,True,3,Apartamento,9,Eficiente
332.4,True,18,Casa,4,Moderado
178.5,False,11,Apartamento,0,Eficiente
729.0,True,24,Comercial,9,Ineficiente
395.6,True,18,Casa,11,Ineficiente
193.0,True,14,Casa,6,Moderado
312.0,False,24,Apartamento,10,Eficiente
361.3,True,20,Casa,12,Ineficiente
207.2,False,12,Casa,7,Moderado
45.9,True,2,Comercial,2,Ineficiente
95.1,True,4,Comercial,0,Ineficiente
202.0,False,12,Apartamento,9,Moderado
249.6,False,14,Casa,7,Moderado
20.4,True,2,Apartamento,1,Eficiente
39.8,False,4,Apartamento,0,Eficiente
318.8,False,18,Casa,12,Moderado
212.4,True,19,Apartamento,4,Eficiente
40.4,False,2,Casa,4,Moderado
275.5,False,13,Casa,8,Ineficiente
35.2,True,3,Apartamento,4,Eficiente
341.9,False,18,Casa,11,Ineficiente
299.6,True,21,Casa,8,Moderado
259.4,True,21,Apartamento,4,Eficiente
555.0,False,15,Comercial,3,Ineficiente
229.9,False,16,Apartamento,11,Moderado
396.6,False,23,Apartamento,7,Moderado
400.9,False,16,Comercial,11,Ineficiente
194.0,False,12,Casa,4,Eficiente
336.0,True,19,Casa,0,Moderado
266.8,False,15,Casa,11,Moderado
490.9,False,21,Casa,3,Moderado
150.7,False,14,Apartamento,10,Eficiente
457.8,False,21,Casa,9,Ineficiente
65.8,True,3,Casa,3,Ineficiente
37.1,True,2,Casa,9,Ineficiente
65.3,True,4,Casa,1,Moderado
424.8,True,14,Comercial,5,Ineficiente
283.7,False,18,Casa,4,Eficiente
127.4,False,6,Casa,8,Ineficiente
89.9,True,5,Casa,6,Ineficiente
474.6,True,21,Casa,7,Ineficiente
285.6,False,19,Apartamento,6,Eficiente
290.5,True,16,Casa,9,Ineficiente
198.5,True,11,Casa,9,Ineficiente
34.8,True,2,Apartamento,0,Moderado
68.1,True,6,Apartamento,1,Eficiente
395.5,False,22,Apartamento,9,Moderado
149.6,True,9,Apartamento,2,Moderado
306.5,False,18,Apartamento,10,Moderado
320.7,True,18,Casa,1,Moderado
194.8,True,9,Casa,1,Ineficiente
74.3,False,6,Apartamento,12,Eficiente
354.1,True,17,Casa,2,Ineficiente
43.9,True,4,Apartamento,11,Eficiente
206.9,False,13,Casa,4,Eficiente
298.0,False,22,Apartamento,10,Eficiente
482.4,True,18,Comercial,12,Ineficiente
248.0,True,19,Apartamento,1,Eficiente
107.3,False,3,Comercial,4,Ineficiente
71.7,False,6,Apartamento,7,Eficiente
275.3,False,8,Comercial,11,Ineficiente
107.2,False,8,Casa,2,Eficiente
125.2,False,6,Casa,2,Moderado
394.9,True,24,Apartamento,4,Moderado
84.7,True,5,Casa,2,Moderado
367.2,False,18,Casa,3,Moderado
562.1,False,15,Comercial,1,Ineficiente
264.4,False,16,Apartamento,10,Moderado
100.9,False,6,Casa,10,Moderado
160.5,True,9,Casa,1,Moderado
315.3,False,15,Casa,6,Moderado
126.1,False,8,Casa,8,Moderado
603.0,True,17,Comercial,8,Ineficiente
32.3,False,2,Casa,12,Moderado
63.9,False,3,Casa,8,Ineficiente
189.5,True,18,Apartamento,8,Eficiente
209.3,False,16,Casa,0,Eficiente
46.7,False,2,Casa,1,Moderado
376.3,False,22,Apartamento,8,Moderado
34.4,True,2,Apartamento,11,Ineficiente
876.8,False,23,Comercial,5,Ineficiente
242.7,False,18,Apartamento,8,Eficiente
376.7,False,24,Casa,2,Eficiente
250.5,True,23,Apartamento,5,Eficiente
270.2,False,9,Comercial,9,Ineficiente
221.3,False,19,Apartamento,8,Eficiente
227.0,False,6,Comercial,1,Ineficiente
118.0,False,12,Apartamento,11,Eficiente
165.0,True,7,Comercial,12,Ineficiente
198.4,False,13,Casa,6,Eficiente
252.4,True,22,Apartamento,4,Eficiente
180.5,False,12,Casa,6,Eficiente
61.2,True,4,Apartamento,10,Ineficiente
113.0,False,9,Apartamento,5,Eficiente
641.4,True,20,Comercial,0,Ineficiente
481.3,False,13,Comercial,0,Ineficiente
267.5,False,14,Casa,10,Ineficiente
172.0,True,11,Apartamento,10,Ineficiente
103.0,True,8,Apartamento,10,Moderado
214.9,False,15,Casa,1,Eficiente
257.0,False,16,Casa,2,Eficiente
506.3,True,22,Casa,5,Ineficiente
240.4,True,16,Apartamento,3,Moderado
374.3,True,24,Casa,5,Moderado
611.4,False,21,Comercial,7,Ineficiente
64.9,False,3,Casa,3,Moderado
363.4,True,11,Comercial,1,Ineficiente
186.6,False,10,Casa,5,Moderado
34.5,False,2,Apartamento,9,Moderado
119.2,False,6,Casa,8,Moderado
288.8,True,19,Apartamento,4,Moderado
113.9,True,10,Apartamento,4,Eficiente
114.6,True,5,Comercial,7,Ineficiente
143.3,True,8,Apartamento,2,Moderado
152.5,True,8,Casa,10,Ineficiente
102.5,True,6,Casa,11,Ineficiente
75.8,True,4,Casa,0,Moderado
252.1,False,19,Casa,12,Eficiente
334.1,True,20,Apartamento,0,Moderado
151.1,False,13,Apartamento,5,Eficiente
264.9,True,16,Apartamento,8,Ineficiente
704.2,False,23,Comercial,4,Ineficiente
254.6,True,21,Apartamento,2,Eficiente
20.1,False,2,Apartamento,0,Eficiente
492.5,False,23,Casa,9,Ineficiente
43.5,True,3,Casa,0,Eficiente
20.5,False,2,Apartamento,6,Eficiente
380.7,True,11,Comercial,5,Ineficiente
311.2,False,19,Casa,12,Moderado
39.2,True,3,Apartamento,12,Moderado
95.0,True,8,Apartamento,10,Moderado
175.0,True,8,Casa,9,Ineficiente
173.9,False,11,Casa,7,Moderado
594.8,True,24,Comercial,4,Ineficiente
111.6,False,9,Apartamento,2,Eficiente
88.8,True,6,Casa,12,Ineficiente
106.9,True,4,Comercial,5,Ineficiente
81.0,True,6,Casa,5,Eficiente
119.3,False,5,Comercial,1,Moderado
256.6,False,15,Casa,3,Eficiente
189.1,True,11,Apartamento,8,Ineficiente
171.8,False,13,Casa,5,Eficiente
312.8,True,21,Casa,7,Moderado
560.3,True,15,Comercial,2,Ineficiente
111.1,False,5,Casa,1,Moderado
199.4,True,10,Casa,11,Ineficiente
136.8,True,9,Casa,5,Moderado
279.9,False,21,Apartamento,4,Eficiente
104.2,True,9,Apartamento,3,Eficiente
116.6,False,5,Comercial,8,Ineficiente
300.7,False,18,Casa,7,Moderado
207.0,False,11,Casa,5,Moderado
65.9,False,4,Casa,12,Moderado
253.8,False,17,Apartamento,11,Moderado
158.0,True,6,Comercial,2,Ineficiente
266.8,False,21,Apartamento,8,Eficiente
345.3,False,21,Apartamento,12,Moderado
220.9,False,10,Casa,6,Ineficiente
375.2,True,14,Comercial,0,Ineficiente
281.6,False,15,Casa,1,Eficiente
265.3,False,17,Casa,8,Moderado
39.5,True,3,Casa,11,Moderado
185.1,False,9,Casa,1,Moderado
72.2,True,5,Casa,7,Moderado
309.6,True,18,Casa,6,Moderado
53.6,False,3,Casa,3,Eficiente
147.5,True,13,Apartamento,8,Eficiente
245.2,True,18,Casa,11,Moderado
376.2,True,23,Casa,3,Moderado
305.1,True,8,Comercial,0,Ineficiente
29.9,False,2,Apartamento,4,Eficiente
234.1,False,18,Apartamento,4,Eficiente
26.0,False,2,Casa,9,Eficiente
95.4,True,3,Comercial,6,Ineficiente
326.3,False,24,Casa,0,Eficiente
387.6,False,21,Casa,4,Moderado
621.6,False,18,Comercial,9,Ineficiente
280.5,True,21,Apartamento,6,Moderado
36.9,True,3,Apartamento,7,Eficiente
40.8,False,4,Apartamento,3,Eficiente
80.1,False,8,Apartamento,4,Eficiente
34.5,True,2,Casa,1,Moderado
487.1,False,22,Casa,1,Moderado
45.7,True,3,Casa,0,Eficiente
263.2,True,14,Casa,8,Ineficiente
699.7,False,21,Comercial,2,Ineficiente
238.6,False,18,Casa,7,Eficiente
77.6,True,7,Apartamento,12,Moderado
151.0,False,12,Apartamento,9,Eficiente
216.0,False,14,Apartamento,7,Eficiente
329.5,True,19,Casa,1,Moderado
225.8,False,11,Casa,6,Moderado
292.9,False,8,Comercial,11,Ineficiente
323.4,False,20,Apartamento,4,Eficiente
399.0,False,22,Apartamento,10,Moderado
449.5,False,13,Comercial,9,Ineficiente
33.9,True,2,Apartamento,3,Moderado
280.7,True,13,Casa,1,Ineficiente
350.6,False,22,Apartamento,0,Eficiente
510.2,False,24,Casa,3,Moderado
194.2,True,11,Apartamento,4,Moderado
147.8,True,5,Comercial,8,Ineficiente
227.4,False,15,Apartamento,7,Eficiente
381.4,True,21,Casa,6,Ineficiente
501.2,True,23,Casa,9,Ineficiente
86.3,False,3,Comercial,10,Ineficiente
171.6,False,8,Casa,9,Ineficiente
254.8,False,12,Casa,11,Ineficiente
92.0,False,4,Casa,4,Moderado
336.3,True,22,Casa,10,Ineficiente
81.1,False,4,Casa,5,Moderado
274.7,True,17,Apartamento,2,Moderado
522.4,True,23,Casa,1,Ineficiente
380.7,False,17,Casa,1,Moderado
357.1,False,19,Casa,12,Ineficiente
150.8,False,8,Casa,2,Moderado
302.5,True,21,Casa,10,Moderado
197.9,False,11,Apartamento,10,Moderado
46.1,False,3,Casa,5,Eficiente
204.3,False,10,Casa,11,Ineficiente
211.9,False,10,Casa,11,Ineficiente
225.7,True,13,Casa,12,Ineficiente
119.0,False,8,Casa,6,Eficiente
175.7,False,12,Casa,3,Eficiente
400.6,False,11,Comercial,0,Ineficiente
163.0,False,9,Casa,10,Moderado
190.0,False,18,Apartamento,11,Eficiente
183.1,True,9,Casa,6,Ineficiente
290.7,True,19,Casa,0,Eficiente
154.5,False,7,Casa,10,Ineficiente
260.4,False,21,Apartamento,3,Eficiente
114.8,False,10,Apartamento,7,Eficiente
27.0,True,2,Casa,8,Moderado
90.6,True,5,Casa,1,Moderado
349.4,False,20,Casa,0,Eficiente
455.7,False,22,Casa,1,Moderado
82.2,True,6,Apartamento,12,Moderado
244.7,False,15,Casa,12,Moderado
231.4,True,15,Casa,5,Moderado
130.0,False,5,Comercial,5,Ineficiente
271.4,True,12,Casa,5,Ineficiente
244.5,True,17,Casa,4,Moderado
434.4,True,24,Apartamento,7,Ineficiente
338.7,False,21,Casa,4,Eficiente
54.2,False,4,Casa,8,Eficiente
107.0,False,7,Casa,4,Eficiente
264.6,False,12,Comercial,8,Ineficiente
105.7,True,5,Casa,12,Ineficiente
272.0,True,15,Casa,2,Moderado
32.5,False,2,Casa,0,Eficiente
79.0,True,4,Casa,6,Ineficiente
45.3,False,3,Apartamento,1,Eficiente
182.0,False,8,Casa,3,Moderado
339.6,False,19,Apartamento,10,Moderado
93.1,True,6,Apartamento,5,Moderado
400.1,False,24,Apartamento,7,Moderado
169.3,True,8,Casa,10,Ineficiente
89.5,True,3,Comercial,1,Ineficiente
141.5,False,9,Apartamento,6,Eficiente
255.5,False,19,Casa,0,Eficiente
64.7,False,4,Apartamento,6,Eficiente
114.9,True,3,Comercial,2,Ineficiente
283.9,False,21,Casa,11,Eficiente
540.8,False,15,Comercial,3,Ineficiente
204.1,False,9,Casa,2,Moderado
222.3,False,19,Apartamento,0,Eficiente
639.4,True,21,Comercial,1,Ineficiente
226.2,False,10,Casa,2,Moderado
250.1,False,14,Apartamento,2,Eficiente
28.0,False,2,Casa,9,Eficiente
114.6,False,9,Apartamento,11,Eficiente
235.0,False,15,Apartamento,11,Moderado
90.0,False,6,Casa,12,Moderado
386.6,False,24,Casa,11,Moderado
308.4,True,24,Casa,5,Eficiente
99.8,True,7,Casa,5,Moderado
205.4,False,11,Casa,8,Moderado
117.9,False,6,Casa,4,Moderado
254.9,False,13,Casa,7,Moderado
84.0,False,4,Casa,12,Ineficiente
132.9,False,10,Apartamento,2,Eficiente
169.4,True,14,Apartamento,10,Moderado
158.9,True,16,Apartamento,12,Eficiente
222.5,False,15,Casa,6,Eficiente
186.4,False,7,Comercial,4,Ineficiente
225.9,False,20,Apartamento,3,Eficiente
217.9,False,17,Casa,2,Eficiente
271.7,False,19,Casa,4,Eficiente
184.7,False,12,Apartamento,9,Moderado
426.8,False,22,Casa,6,Moderado
176.6,True,10,Apartamento,2,Moderado
707.3,False,20,Comercial,7,Ineficiente
112.4,False,6,Casa,10,Moderado
98.6,True,7,Casa,0,Eficiente
436.1,False,14,Comercial,0,Ineficiente
144.4,False,14,Apartamento,12,Eficiente
327.8,False,19,Casa,9,Moderado
224.2,False,8,Comercial,7,Ineficiente
631.4,True,22,Comercial,11,Ineficiente
109.4,True,9,Apartamento,7,Eficiente
217.9,True,14,Apartamento,6,Moderado
498.7,True,23,Casa,2,Ineficiente
292.6,False,14,Casa,10,Ineficiente
256.2,False,17,Apartamento,9,Moderado
405.1,False,22,Casa,3,Moderado
241.5,True,24,Apartamento,9,Eficiente
206.3,True,13,Apartamento,9,Ineficiente
203.3,True,11,Casa,1,Moderado
72.4,False,6,Apartamento,2,Eficiente
226.0,True,14,Casa,7,Moderado
870.3,False,23,Comercial,8,Ineficiente
251.5,False,13,Casa,8,Moderado
138.0,False,10,Apartamento,4,Eficiente
60.1,True,4,Apartamento,10,Moderado
170.7,True,10,Casa,5,Moderado
96.2,False,7,Apartamento,2,Eficiente
293.7,False,24,Apartamento,1,Eficiente
188.9,True,14,Apartamento,11,Moderado
77.8,False,5,Apartamento,9,Moderado
65.2,False,3,Comercial,5,Moderado
444.9,False,21,Casa,2,Moderado
280.1,True,23,Apartamento,1,Eficiente
379.5,True,19,Casa,1,Moderado
60.8,True,4,Apartamento,1,Eficiente
61.1,True,4,Apartamento,6,Moderado
115.0,False,6,Casa,2,Moderado
436.2,False,19,Casa,1,Moderado
572.9,False,19,Comercial,3,Ineficiente
430.7,False,21,Casa,9,Ineficiente
62.9,True,4,Apartamento,6,Moderado
75.8,True,5,Casa,1,Eficiente
574.2,False,22,Comercial,9,Ineficiente
395.1,False,23,Casa,6,Moderado
280.8,False,18,Casa,2,Eficiente
110.4,True,4,Comercial,8,Ineficiente
84.1,True,3,Comercial,12,Ineficiente
57.4,True,3,Casa,7,Ineficiente
254.6,False,17,Casa,2,Eficiente
347.7,False,21,Apartamento,4,Eficiente
462.0,False,16,Comercial,7,Ineficiente
161.8,False,8,Casa,12,Ineficiente
199.2,True,19,Apartamento,12,Eficiente
41.2,False,3,Apartamento,12,Moderado
210.8,True,21,Apartamento,10,Eficiente
340.5,False,22,Apartamento,7,Eficiente
228.4,False,18,Apartamento,8,Eficiente
502.7,False,22,Casa,9,Ineficiente
402.5,True,15,Comercial,9,Ineficiente
373.8,False,12,Comercial,8,Ineficiente
107.7,False,9,Apartamento,1,Eficiente
443.8,True,23,Casa,11,Ineficiente
317.6,True,18,Casa,0,Moderado
77.5,False,6,Apartamento,5,Eficiente
355.2,True,24,Casa,5,Moderado
69.0,True,3,Comercial,12,Ineficiente
208.4,True,15,Casa,1,Eficiente
109.2,True,6,Apartamento,6,Ineficiente
483.2,False,17,Comercial,4,Ineficiente
138.8,False,11,Casa,1,Eficiente
274.7,True,12,Casa,2,Ineficiente
169.5,False,17,Apartamento,5,Eficiente
253.0,True,19,Apartamento,11,Moderado
203.5,True,10,Casa,5,Ineficiente
419.6,True,24,Apartamento,11,Ineficiente
439.8,False,13,Comercial,9,Ineficiente
88.0,False,5,Casa,10,Moderado
46.2,False,2,Casa,11,Ineficiente
78.1,True,6,Casa,9,Moderado
395.4,True,17,Casa,9,Ineficiente
304.8,True,14,Casa,2,Ineficiente
203.7,False,9,Casa,9,Ineficiente
155.2,True,13,Apartamento,0,Eficiente
296.9,False,21,Casa,9,Eficiente
494.1,False,15,Comercial,8,Ineficiente
54.5,False,3,Casa,9,Moderado
54.8,False,3,Casa,8,Moderado
228.4,True,13,Apartamento,4,Moderado
353.8,False,11,Comercial,4,Ineficiente
335.1,True,21,Casa,7,Moderado
253.8,False,15,Casa,6,Moderado
266.8,False,19,Casa,4,Eficiente
171.2,True,15,Apartamento,6,Eficiente
127.3,False,9,Casa,6,Eficiente
363.0,True,17,Casa,3,Ineficiente
323.4,True,16,Casa,8,Ineficiente
329.9,False,18,Casa,4,Moderado
166.4,False,6,Comercial,3,Ineficiente
246.6,False,16,Apartamento,5,Eficiente
171.0,False,8,Casa,1,Moderado
442.3,False,20,Casa,7,Ineficiente
370.2,True,20,Casa,9,Ineficiente
343.3,True,16,Casa,12,Ineficiente
324.2,False,23,Apartamento,3,Eficiente
413.6,True,14,Comercial,7,Ineficiente
73.2,False,2,Comercial,6,Ineficiente
419.3,True,15,Comercial,9,Ineficiente
534.4,True,19,Comercial,8,Ineficiente
106.0,False,4,Comercial,10,Ineficiente
72.8,False,4,Casa,11,Moderado
147.9,False,8,Casa,1,Eficiente
414.4,False,21,Casa,4,Moderado
187.8,True,14,Apartamento,8,Moderado
358.9,False,24,Casa,7,Eficiente
375.8,True,22,Apartamento,6,Moderado
177.9,False,14,Apartamento,2,Eficiente
298.4,True,17,Apartamento,7,Ineficiente
133.6,False,9,Casa,9,Moderado
74.6,True,4,Casa,0,Moderado
202.3,False,11,Casa,7,Moderado
538.7,False,15,Comercial,11,Ineficiente
65.8,False,6,Apartamento,7,Eficiente
122.1,True,7,Apartamento,12,Ineficiente
36.7,False,2,Casa,4,Moderado
340.7,True,18,Casa,0,Moderado
398.4,True,22,Casa,8,Ineficiente
212.2,True,21,Apartamento,2,Eficiente
139.8,True,10,Apartamento,0,Eficiente
231.7,False,15,Casa,2,Eficiente
652.0,True,24,Comercial,12,Ineficiente
294.2,True,15,Casa,10,Ineficiente
239.7,False,8,Comercial,3,Ineficiente
122.5,False,9,Casa,7,Eficiente
241.0,False,18,Casa,4,Eficiente
136.3,False,12,Apartamento,2,Eficiente
307.9,True,21,Casa,12,Ineficiente
402.6,False,21,Casa,10,Ineficiente
29.0,True,2,Casa,4,Moderado
398.2,True,18,Casa,4,Ineficiente
115.6,True,10,Apartamento,10,Moderado
294.3,False,13,Comercial,5,Ineficiente
294.1,True,8,Comercial,4,Ineficiente
157.9,False,10,Casa,5,Eficiente
120.4,True,9,Apartamento,5,Eficiente
68.9,False,3,Casa,6,Ineficiente
456.0,False,20,Casa,0,Moderado
101.6,True,5,Casa,6,Ineficiente
222.4,True,10,Comercial,5,Ineficiente
190.1,False,6,Comercial,3,Ineficiente
90.5,False,5,Apartamento,4,Moderado
177.5,True,10,Apartamento,5,Moderado
316.1,False,23,Casa,4,Eficiente
301.9,True,23,Apartamento,11,Moderado
124.5,True,10,Apartamento,6,Eficiente
182.0,True,13,Casa,6,Moderado
482.5,False,24,Casa,3,Moderado
108.9,True,7,Casa,11,Ineficiente
625.8,False,23,Comercial,0,Ineficiente
54.3,True,4,Casa,7,Moderado
209.7,False,7,Comercial,2,Ineficiente
128.8,True,9,Casa,9,Moderado
26.9,False,2,Apartamento,4,Eficiente
283.0,False,20,Casa,3,Eficiente
480.9,True,21,Casa,0,Ineficiente
141.7,True,10,Casa,10,Moderado
383.0,False,21,Casa,5,Moderado
466.4,False,19,Comercial,3,Ineficiente
268.5,False,20,Casa,10,Eficiente
230.0,True,20,Apartamento,0,Eficiente
197.9,False,15,Casa,6,Eficiente
56.4,True,4,Casa,2,Eficiente
320.7,True,23,Apartamento,1,Eficiente
294.6,False,15,Casa,0,Eficiente
496.6,False,22,Comercial,2,Moderado
324.1,False,24,Apartamento,12,Eficiente
88.1,False,6,Apartamento,5,Eficiente
166.4,True,11,Casa,12,Ineficiente
99.7,False,6,Casa,3,Eficiente
66.9,True,3,Comercial,9,Ineficiente
359.5,True,24,Casa,1,Eficiente
405.7,True,23,Casa,1,Moderado
535.8,False,23,Casa,0,Moderado
399.7,False,22,Apartamento,11,Moderado
288.5,True,16,Apartamento,8,Ineficiente
187.0,False,14,Apartamento,9,Eficiente
251.5,False,24,Apartamento,12,Eficiente
225.3,False,14,Casa,4,Eficiente
404.5,False,16,Comercial,9,Ineficiente
76.5,True,6,Casa,6,Eficiente
201.4,False,19,Apartamento,7,Eficiente
349.9,False,20,Casa,8,Moderado
460.9,False,17,Comercial,6,Ineficiente
189.1,False,13,Casa,0,Eficiente
122.0,False,6,Casa,0,Eficiente
32.9,True,2,Casa,6,Moderado
348.8,False,16,Casa,7,Ineficiente
258.4,True,17,Casa,9,Moderado
272.1,True,19,Apartamento,7,Moderado
335.5,False,23,Casa,2,Eficiente
388.9,False,13,Comercial,4,Ineficiente
299.2,False,21,Casa,5,Eficiente
200.8,False,18,Apartamento,12,Eficiente
153.7,False,8,Casa,6,Moderado
252.3,False,21,Apartamento,8,Eficiente
33.7,False,3,Apartamento,9,Eficiente
339.6,True,15,Casa,4,Ineficiente
500.8,False,23,Comercial,12,Ineficiente
318.0,True,17,Casa,8,Ineficiente
426.0,True,23,Casa,11,Ineficiente
35.7,True,3,Apartamento,9,Moderado
190.4,False,14,Apartamento,8,Eficiente
257.4,False,19,Casa,0,Eficiente
326.2,False,16,Casa,7,Moderado
549.8,False,22,Comercial,1,Moderado
137.1,False,12,Apartamento,7,Eficiente
453.4,True,17,Comercial,9,Ineficiente
191.2,False,11,Apartamento,7,Moderado
362.8,False,22,Apartamento,4,Eficiente
91.3,False,4,Casa,0,Moderado
229.1,True,7,Comercial,8,Ineficiente
79.0,True,4,Casa,9,Ineficiente
249.0,False,18,Apartamento,6,Eficiente
156.6,True,7,Casa,9,Ineficiente
126.8,True,9,Apartamento,10,Moderado
268.4,False,21,Apartamento,6,Eficiente
151.8,True,10,Apartamento,0,Eficiente
154.2,True,5,Comercial,11,Ineficiente
27.9,False,2,Casa,6,Eficiente
91.7,False,7,Apartamento,8,Eficiente
367.6,False,23,Casa,11,Moderado
304.4,True,14,Casa,4,Ineficiente
400.6,True,24,Casa,8,Ineficiente
128.8,True,6,Casa,0,Moderado
173.8,False,10,Casa,11,Moderado
80.6,True,5,Apartamento,0,Eficiente
120.3,False,11,Apartamento,7,Eficiente
245.9,False,14,Apartamento,4,Moderado
355.8,False,20,Casa,0,Eficiente
154.1,True,10,Casa,6,Moderado
289.0,True,19,Casa,12,Ineficiente
192.4,True,16,Apartamento,2,Eficiente
220.8,True,8,Comercial,3,Ineficiente
447.7,False,22,Casa,2,Moderado
195.5,True,11,Apartamento,1,Moderado
99.1,False,5,Casa,2,Moderado
444.2,False,24,Casa,7,Moderado
401.2,True,23,Casa,10,Ineficiente
64.6,True,3,Casa,8,Ineficiente
372.6,True,22,Apartamento,10,Ineficiente
604.3,True,23,Comercial,9,Ineficiente
480.8,False,21,Casa,4,Moderado
91.8,False,7,Apartamento,11,Eficiente
264.3,False,16,Apartamento,2,Eficiente
537.6,False,14,Comercial,9,Ineficiente
251.4,True,16,Apartamento,1,Moderado
229.5,True,16,Casa,9,Moderado
235.6,True,16,Apartamento,1,Eficiente
180.5,True,13,Casa,2,Eficiente
598.5,False,17,Comercial,5,Ineficiente
218.9,False,14,Casa,9,Moderado
31.3,True,2,Apartamento,0,Eficiente
44.9,True,2,Casa,3,Ineficiente
349.3,True,24,Casa,4,Moderado
617.6,False,22,Comercial,9,Ineficiente
228.5,True,15,Apartamento,12,Ineficiente
102.8,True,6,Casa,7,Ineficiente
458.8,True,19,Comercial,6,Ineficiente
107.6,False,5,Comercial,4,Moderado
169.9,False,10,Casa,10,Moderado
137.3,False,9,Apartamento,1,Eficiente
37.6,True,2,Casa,1,Moderado
222.2,True,20,Apartamento,2,Eficiente
227.1,False,13,Casa,3,Eficiente
149.3,True,9,Casa,6,Moderado
337.2,True,13,Comercial,12,Ineficiente
68.3,False,2,Comercial,8,Ineficiente
148.8,True,12,Apartamento,4,Eficiente
399.4,True,13,Comercial,2,Ineficiente
158.0,False,9,Apartamento,8,Moderado
300.9,False,21,Apartamento,3,Eficiente
104.9,True,7,Apartamento,12,Ineficiente
67.0,True,5,Casa,6,Moderado
203.3,False,14,Casa,7,Eficiente
301.2,True,22,Casa,11,Moderado
162.2,True,10,Apartamento,3,Moderado
64.9,False,3,Casa,6,Ineficiente
350.7,False,24,Casa,6,Eficiente
139.7,False,12,Apartamento,3,Eficiente
80.5,True,5,Casa,0,Eficiente
303.7,True,16,Casa,3,Moderado
135.2,False,9,Apartamento,1,Eficiente
767.3,False,23,Comercial,8,Ineficiente
179.0,True,8,Casa,0,Ineficiente
221.0,False,14,Casa,4,Eficiente
276.0,True,14,Casa,11,Ineficiente
101.5,False,7,Apartamento,7,Eficiente
160.8,False,13,Apartamento,8,Eficiente
89.6,True,4,Casa,8,Ineficiente
169.6,False,16,Apartamento,3,Eficiente
385.5,False,19,Casa,8,Ineficiente
470.6,True,23,Casa,2,Ineficiente
337.3,True,9,Comercial,8,Ineficiente
145.6,False,8,Casa,8,Moderado
225.0,True,14,Casa,11,Ineficiente
366.2,True,17,Casa,11,Ineficiente
390.6,True,24,Apartamento,0,Eficiente
60.0,False,2,Comercial,3,Ineficiente
243.8,True,7,Comercial,7,Ineficiente
123.9,False,8,Casa,4,Eficiente
132.8,True,7,Casa,8,Ineficiente
204.8,True,12,Apartamento,11,Ineficiente
352.8,False,22,Casa,3,Eficiente
59.4,True,2,Comercial,11,Ineficiente
355.8,True,20,Apartamento,11,Ineficiente
339.5,True,16,Casa,11,Ineficiente
276.0,False,16,Apartamento,0,Eficiente
284.9,True,17,Casa,3,Moderado
93.4,True,4,Casa,1,Ineficiente
210.5,True,19,Apartamento,1,Eficiente
99.1,True,7,Apartamento,0,Eficiente
179.7,True,13,Apartamento,5,Moderado
280.6,False,17,Apartamento,1,Eficiente
560.3,True,15,Comercial,3,Ineficiente
307.4,True,9,Comercial,12,Ineficiente
165.7,False,11,Apartamento,11,Moderado
206.6,False,12,Casa,12,Moderado
28.2,True,2,Apartamento,0,Eficiente
543.0,True,18,Comercial,8,Ineficiente
51.3,True,4,Casa,8,Moderado
216.4,False,12,Casa,1,Eficiente
371.4,True,17,Casa,11,Ineficiente
60.8,True,3,Casa,5,Ineficiente
395.6,True,24,Apartamento,12,Ineficiente
168.2,True,10,Casa,1,Moderado
28.5,True,2,Apartamento,8,Moderado
171.4,True,17,Apartamento,1,Eficiente
182.2,False,14,Apartamento,12,Eficiente
283.6,False,16,Casa,7,Moderado
291.8,False,19,Casa,0,Eficiente
120.7,False,12,Apartamento,2,Eficiente
327.6,True,21,Apartamento,4,Moderado
173.0,False,10,Casa,0,Eficiente
398.8,False,14,Comercial,0,Ineficiente
76.5,False,5,Casa,12,Moderado
490.9,False,16,Comercial,12,Ineficiente
138.6,True,8,Casa,6,Ineficiente
318.9,True,18,Casa,11,Ineficiente
293.6,True,20,Apartamento,8,Moderado
266.0,True,21,Casa,0,Eficiente
515.3,False,23,Casa,9,Ineficiente
53.5,True,4,Casa,0,Eficiente
87.3,True,5,Casa,10,Ineficiente
265.5,False,23,Apartamento,4,Eficiente
182.6,False,10,Casa,1,Eficiente
24.3,False,2,Apartamento,3,Eficiente
136.2,True,8,Apartamento,8,Ineficiente
354.5,False,21,Casa,11,Moderado
195.0,False,10,Casa,7,Moderado
76.4,False,3,Comercial,2,Ineficiente
179.3,False,18,Apartamento,11,Eficiente
79.2,False,6,Apartamento,10,Eficiente
143.1,True,10,Apartamento,5,Moderado
35.1,False,2,Casa,7,Moderado
344.8,False,15,Casa,12,Ineficiente
188.8,True,12,Apartamento,4,Moderado
490.4,True,21,Casa,0,Ineficiente
110.5,True,9,Apartamento,1,Eficiente
98.6,True,6,Apartamento,7,Moderado
72.3,False,5,Apartamento,12,Moderado
115.2,False,6,Casa,9,Moderado
279.0,True,12,Casa,8,Ineficiente
78.7,True,4,Casa,4,Ineficiente
245.4,True,11,Casa,5,Ineficiente
333.8,True,21,Apartamento,0,Eficiente
265.5,False,19,Casa,4,Eficiente
322.5,False,16,Casa,8,Moderado
392.3,False,22,Casa,11,Moderado
427.9,True,19,Casa,11,Ineficiente
281.8,False,17,Apartamento,10,Moderado
288.2,False,21,Casa,0,Eficiente
93.6,True,4,Comercial,10,Ineficiente
267.0,False,20,Casa,2,Eficiente
111.5,False,8,Apartamento,8,Eficiente
242.5,False,18,Casa,12,Eficiente
469.6,True,23,Casa,11,Ineficiente
402.3,True,13,Comercial,8,Ineficiente
144.2,False,4,Comercial,3,Ineficiente
260.4,True,10,Comercial,6,Ineficiente
200.3,True,11,Casa,9,Ineficiente
319.0,False,23,Casa,6,Eficiente
396.3,True,23,Apartamento,5,Moderado
217.4,False,15,Casa,5,Eficiente
245.2,False,23,Apartamento,7,Eficiente
138.3,False,12,Apartamento,0,Eficiente
182.3,False,11,Apartamento,12,Moderado
224.5,False,21,Apartamento,1,Eficiente
254.3,True,17,Apartamento,12,Ineficiente
289.2,True,14,Casa,0,Moderado
248.5,False,12,Casa,6,Moderado
205.1,True,18,Apartamento,5,Eficiente
252.0,True,19,Casa,7,Moderado
226.8,True,13,Casa,5,Moderado
29.6,False,2,Casa,11,Moderado
62.7,True,4,Apartamento,0,Eficiente
64.0,False,5,Apartamento,12,Eficiente
162.9,True,12,Apartamento,8,Moderado
221.2,False,16,Casa,10,Eficiente
374.6,True,20,Casa,1,Moderado
79.5,True,7,Apartamento,0,Eficiente
398.7,False,20,Casa,5,Moderado
176.8,False,17,Apartamento,4,Eficiente
54.0,True,3,Apartamento,10,Ineficiente
199.9,True,10,Casa,11,Ineficiente
116.5,True,8,Casa,5,Moderado
280.5,True,22,Casa,9,Moderado
621.5,False,23,Comercial,0,Ineficiente
221.7,True,20,Apartamento,9,Eficiente
209.4,False,14,Casa,1,Eficiente
477.2,True,13,Comercial,8,Ineficiente
172.0,False,9,Casa,4,Moderado
275.6,True,19,Casa,5,Moderado
93.1,False,3,Comercial,3,Ineficiente
122.9,True,8,Casa,5,Moderado
115.7,False,5,Casa,11,Ineficiente
131.0,False,13,Apartamento,10,Eficiente
164.1,False,8,Casa,4,Moderado
97.8,True,6,Apartamento,3,Moderado
133.3,True,10,Casa,6,Moderado
303.6,True,21,Casa,8,Moderado
234.5,True,14,Casa,2,Moderado
439.5,False,20,Casa,9,Ineficiente
423.2,False,23,Casa,12,Ineficiente
432.9,False,22,Casa,10,Ineficiente
350.9,False,10,Comercial,7,Ineficiente
474.0,True,22,Casa,4,Ineficiente
390.4,True,22,Casa,4,Moderado
434.3,False,24,Casa,9,Moderado
108.1,True,7,Casa,1,Eficiente
254.7,False,15,Apartamento,8,Moderado
295.0,False,23,Casa,1,Eficiente
539.5,False,22,Comercial,12,Ineficiente
531.1,True,15,Comercial,5,Ineficiente
81.4,False,5,Casa,4,Eficiente
156.4,True,11,Casa,0,Eficiente
263.1,True,18,Casa,2,Eficiente
199.6,True,14,Apartamento,12,Moderado
195.6,False,9,Casa,6,Ineficiente
200.4,False,9,Comercial,11,Ineficiente
30.2,False,3,Apartamento,12,Eficiente
109.7,True,8,Apartamento,0,Eficiente
303.1,False,17,Apartamento,4,Moderado
182.2,True,7,Comercial,10,Ineficiente
551.0,False,24,Casa,6,Ineficiente
66.6,True,3,Casa,6,Ineficiente
234.9,True,15,Casa,7,Moderado
464.2,False,13,Comercial,9,Ineficiente
326.8,False,21,Apartamento,12,Moderado
310.2,False,22,Apartamento,11,Moderado
240.3,True,14,Casa,8,Ineficiente
570.9,False,16,Comercial,7,Ineficiente
381.0,True,18,Casa,4,Ineficiente
270.1,True,13,Casa,1,Ineficiente
233.8,False,6,Comercial,9,Ineficiente
195.4,True,11,Casa,0,Moderado
149.2,False,7,Casa,9,Ineficiente
204.5,True,12,Apartamento,6,Moderado
238.2,True,16,Casa,10,Moderado
78.3,False,6,Casa,12,Eficiente
118.8,True,7,Casa,7,Ineficiente
437.1,False,20,Casa,7,Ineficiente
262.0,False,10,Comercial,6,Ineficiente
94.1,True,6,Apartamento,4,Moderado
228.2,False,18,Casa,1,Eficiente
295.9,True,18,Casa,0,Moderado
404.2,True,21,Casa,9,Ineficiente
206.9,True,19,Apartamento,11,Eficiente
891.3,False,24,Comercial,0,Ineficiente
357.2,False,15,Comercial,4,Ineficiente
179.4,False,8,Casa,7,Ineficiente
313.7,False,21,Casa,9,Moderado
186.7,True,8,Casa,9,Ineficiente
119.0,False,8,Apartamento,9,Moderado
283.7,False,21,Casa,1,Eficiente
227.7,False,22,Apartamento,3,Eficiente
93.9,False,9,Apartamento,6,Eficiente
341.5,False,18,Casa,0,Eficiente
490.9,True,23,Casa,4,Ineficiente
339.0,False,20,Casa,5,Moderado
34.8,False,2,Casa,12,Moderado
322.4,False,17,Casa,4,Moderado
71.4,True,5,Apartamento,12,Moderado
420.7,False,21,Casa,9,Ineficiente
53.1,True,3,Casa,8,Ineficiente
379.1,False,24,Apartamento,10,Moderado
109.1,False,6,Apartamento,10,Moderado
180.2,True,11,Casa,2,Moderado
69.3,False,7,Apartamento,5,Eficiente
465.2,True,20,Comercial,6,Ineficiente
158.9,False,11,Apartamento,12,Moderado
241.1,False,19,Apartamento,0,Eficiente
68.3,True,3,Casa,6,Ineficiente
387.5,False,12,Comercial,2,Ineficiente
400.8,True,22,Casa,2,Moderado
813.4,False,23,Comercial,9,Ineficiente
71.8,False,6,Apartamento,2,Eficiente
236.0,True,11,Casa,10,Ineficiente
139.0,False,11,Casa,12,Eficiente
225.1,False,15,Apartamento,10,Moderado
247.1,False,14,Apartamento,2,Eficiente
84.4,False,4,Casa,1,Moderado
322.4,False,19,Apartamento,5,Moderado
197.0,False,7,Comercial,7,Ineficiente
193.5,True,9,Casa,10,Ineficiente
389.5,True,21,Casa,5,Ineficiente
327.8,False,17,Casa,2,Moderado
113.2,True,11,Apartamento,12,Eficiente
325.1,False,22,Casa,11,Moderado
340.1,True,11,Comercial,8,Ineficiente
198.5,False,15,Casa,9,Eficiente
112.2,False,7,Apartamento,12,Moderado
130.0,True,6,Casa,6,Ineficiente
293.0,True,13,Casa,1,Ineficiente
149.2,True,14,Apartamento,7,Eficiente
455.0,False,20,Casa,5,Ineficiente
103.7,False,10,Apartamento,10,Eficiente
649.7,False,22,Comercial,10,Ineficiente
541.9,False,15,Comercial,6,Ineficiente
66.8,True,3,Comercial,4,Ineficiente
230.3,True,18,Casa,5,Eficiente
150.1,True,15,Apartamento,8,Eficiente
302.0,True,10,Comercial,8,Ineficiente
256.4,False,12,Casa,6,Moderado
111.8,False,8,Casa,6,Eficiente
173.5,False,16,Apartamento,12,Eficiente
281.1,False,15,Casa,3,Moderado
141.2,False,12,Apartamento,2,Eficiente
273.2,True,8,Comercial,10,Ineficiente
195.5,False,11,Apartamento,12,Moderado
271.4,False,13,Casa,7,Moderado
264.9,False,12,Casa,5,Moderado
163.9,False,9,Casa,4,Moderado
323.8,False,15,Casa,6,Moderado
79.4,False,7,Apartamento,0,Eficiente
134.9,False,13,Apartamento,6,Eficiente
78.7,False,4,Casa,3,Moderado
157.9,True,12,Casa,3,Eficiente
741.3,True,20,Comercial,7,Ineficiente
401.4,False,20,Casa,12,Ineficiente
302.6,True,17,Apartamento,2,Moderado
303.8,False,19,Casa,11,Moderado
41.7,False,3,Apartamento,6,Eficiente
185.5,False,9,Casa,12,Ineficiente
201.3,True,17,Apartamento,4,Eficiente
369.0,False,20,Casa,12,Ineficiente
230.1,False,15,Apartamento,8,Moderado
486.6,True,21,Casa,8,Ineficiente
165.1,False,8,Casa,7,Moderado
54.0,True,5,Apartamento,5,Eficiente
53.2,True,3,Casa,6,Ineficiente
284.4,True,15,Casa,11,Ineficiente
241.1,False,17,Casa,10,Eficiente
138.1,False,8,Casa,0,Eficiente
313.3,False,20,Casa,9,Moderado
439.6,True,19,Comercial,10,Ineficiente
181.3,False,10,Casa,9,Moderado
78.3,False,7,Apartamento,6,Eficiente
601.0,True,19,Comercial,4,Ineficiente
245.4,True,17,Casa,8,Moderado
79.4,True,5,Apartamento,8,Moderado
171.6,False,7,Comercial,4,Ineficiente
225.3,True,13,Apartamento,5,Moderado
167.5,False,13,Casa,4,Eficiente
91.2,False,5,Casa,0,Eficiente
369.3,False,23,Casa,0,Eficiente
116.9,False,10,Apartamento,1,Eficiente
294.9,False,10,Comercial,5,Ineficiente
108.5,True,3,Comercial,6,Ineficiente
494.7,False,22,Casa,5,Ineficiente
86.4,True,7,Apartamento,12,Moderado
342.4,True,24,Casa,2,Eficiente
441.5,False,13,Comercial,5,Ineficiente
415.5,True,22,Casa,3,Moderado
147.7,True,6,Comercial,3,Ineficiente
80.9,False,5,Apartamento,7,Moderado
364.1,True,20,Casa,4,Moderado
393.1,True,20,Casa,4,Ineficiente
179.5,False,14,Apartamento,8,Eficiente
34.7,False,2,Casa,10,Moderado
260.2,False,23,Apartamento,2,Eficiente
380.8,True,11,Comercial,1,Ineficiente
255.7,False,23,Apartamento,3,Eficiente
462.1,False,22,Casa,7,Ineficiente
445.6,True,21,Casa,12,Ineficiente
351.3,True,17,Casa,2,Ineficiente
362.9,True,17,Comercial,0,Moderado
217.7,False,14,Casa,6,Eficiente
35.3,True,2,Casa,12,Ineficiente
190.3,False,10,Casa,7,Moderado
675.8,False,18,Comercial,12,Ineficiente
333.1,True,20,Casa,8,Ineficiente
514.5,False,14,Comercial,0,Ineficiente
201.1,True,18,Apartamento,5,Eficiente
25.8,True,2,Apartamento,10,Moderado
263.3,False,12,Comercial,6,Ineficiente
208.5,True,13,Apartamento,2,Moderado
521.7,False,22,Comercial,2,Moderado
138.4,False,9,Casa,8,Moderado
114.2,True,7,Apartamento,6,Moderado
142.9,True,10,Apartamento,7,Moderado
49.6,True,5,Apartamento,4,Eficiente
294.6,False,14,Comercial,4,Moderado
483.1,False,16,Comercial,8,Ineficiente
247.2,True,20,Apartamento,0,Eficiente
349.1,False,24,Casa,5,Eficiente
57.7,False,3,Casa,4,Moderado
105.5,False,7,Casa,10,Moderado
152.0,True,8,Casa,9,Ineficiente
116.9,True,7,Casa,5,Moderado
307.0,True,21,Casa,3,Moderado
70.5,True,5,Casa,3,Eficiente
23.6,False,2,Apartamento,2,Eficiente
271.4,True,21,Casa,3,Eficiente
637.1,True,24,Comercial,9,Ineficiente
121.6,True,7,Apartamento,0,Moderado
194.2,True,9,Casa,0,Moderado
216.0,False,13,Casa,7,Moderado
263.5,False,14,Casa,2,Eficiente
749.1,True,24,Comercial,10,Ineficiente
237.1,False,11,Casa,9,Ineficiente
23.6,True,2,Apartamento,9,Eficiente
289.7,False,11,Comercial,5,Ineficiente
370.0,False,14,Comercial,5,Ineficiente
169.5,False,13,Casa,5,Eficiente
208.0,False,13,Casa,2,Eficiente
507.9,False,23,Casa,7,Ineficiente
449.0,False,20,Casa,11,Ineficiente
96.5,True,7,Casa,3,Eficiente
136.5,True,10,Apartamento,0,Eficiente
473.7,False,17,Comercial,7,Ineficiente
153.0,False,11,Apartamento,5,Eficiente
159.1,False,11,Apartamento,10,Moderado
64.1,False,5,Casa,11,Eficiente
118.1,True,7,Apartamento,12,Ineficiente
341.6,True,19,Apartamento,5,Ineficiente
688.0,False,21,Comercial,11,Ineficiente
657.8,True,20,Comercial,1,Ineficiente
164.7,False,9,Casa,4,Moderado
81.1,False,5,Casa,3,Eficiente
71.0,False,5,Casa,12,Moderado
208.0,False,11,Casa,7,Moderado
283.5,False,13,Comercial,4,Moderado
473.1,False,22,Casa,1,Moderado
293.4,True,22,Apartamento,10,Moderado
26.6,False,2,Apartamento,8,Eficiente
290.4,False,18,Casa,11,Moderado
184.6,True,8,Casa,5,Ineficiente
67.6,False,6,Apartamento,1,Eficiente
155.0,False,14,Apartamento,4,Eficiente
28.8,True,2,Casa,8,Moderado
177.4,False,9,Casa,3,Moderado
253.8,False,14,Apartamento,0,Eficiente
121.1,False,8,Casa,10,Moderado
559.5,True,15,Comercial,6,Ineficiente
187.3,False,12,Casa,5,Eficiente
391.9,False,20,Casa,7,Moderado
78.2,False,6,Casa,9,Eficiente
41.9,True,3,Apartamento,0,Eficiente
214.2,True,14,Apartamento,5,Moderado
128.7,False,7,Casa,3,Moderado
455.1,True,18,Comercial,1,Ineficiente
86.2,True,4,Casa,0,Moderado
346.2,True,15,Casa,5,Ineficiente
421.4,False,24,Casa,7,Moderado
77.9,False,4,Casa,6,Moderado
131.5,False,8,Apartamento,10,Moderado
319.4,False,21,Casa,5,Eficiente
238.9,False,14,Apartamento,7,Moderado
93.8,False,6,Casa,10,Moderado
209.8,True,6,Comercial,8,Ineficiente
262.4,False,19,Casa,11,Eficiente
550.0,True,21,Comercial,2,Ineficiente
183.6,False,10,Casa,10,Moderado
219.2,True,12,Casa,9,Ineficiente
338.9,False,20,Apartamento,7,Moderado
109.0,False,6,Apartamento,0,Eficiente
64.2,True,6,Apartamento,7,Eficiente
295.1,False,19,Casa,11,Moderado
76.8,True,6,Apartamento,8,Moderado
562.8,True,19,Comercial,0,Ineficiente
181.3,False,13,Apartamento,3,Eficiente
524.3,True,24,Casa,7,Ineficiente
32.5,False,2,Apartamento,10,Moderado
229.0,False,23,Apartamento,5,Eficiente
204.3,True,7,Comercial,11,Ineficiente
38.6,False,2,Casa,10,Ineficiente
316.3,False,18,Casa,3,Eficiente
152.6,False,14,Apartamento,2,Eficiente
275.9,True,21,Apartamento,11,Moderado
53.0,False,4,Apartamento,7,Eficiente
43.9,True,3,Casa,11,Moderado
311.5,False,15,Casa,11,Ineficiente
275.0,False,22,Apartamento,5,Eficiente
208.6,False,11,Casa,0,Eficiente
363.4,True,20,Casa,11,Ineficiente
377.7,True,22,Apartamento,7,Ineficiente
238.1,False,22,Apartamento,1,Eficiente
299.7,True,13,Comercial,6,Ineficiente
285.2,False,18,Casa,0,Eficiente
241.6,False,14,Casa,3,Eficiente
448.4,False,17,Comercial,4,Ineficiente
312.6,True,15,Casa,5,Ineficiente
213.5,True,14,Casa,7,Moderado
162.2,False,12,Casa,10,Eficiente
225.7,True,17,Apartamento,4,Eficiente
663.5,True,19,Comercial,9,Ineficiente
389.7,True,23,Apartamento,12,Ineficiente
255.4,True,16,Apartamento,9,Ineficiente
74.5,False,4,Casa,3,Moderado
306.3,True,15,Casa,8,Ineficiente
179.6,True,9,Casa,3,Ineficiente
30.3,False,2,Casa,6,Eficiente
55.6,True,3,Casa,8,Ineficiente
313.8,True,15,Casa,3,Ineficiente
368.6,False,23,Casa,0,Eficiente
198.8,False,13,Apartamento,10,Moderado
166.1,True,12,Apartamento,9,Moderado
72.1,True,4,Casa,1,Moderado
230.7,True,17,Casa,4,Eficiente
46.2,True,3,Apartamento,3,Moderado
358.5,False,21,Apartamento,12,Moderado
219.8,False,20,Apartamento,12,Eficiente
397.3,False,24,Casa,8,Moderado
81.7,False,8,Apartamento,5,Eficiente
64.6,True,5,Casa,0,Eficiente
186.3,False,8,Casa,3,Moderado
358.6,False,20,Casa,1,Eficiente
115.1,True,7,Casa,10,Ineficiente
342.5,False,22,Casa,1,Eficiente
115.9,True,5,Casa,8,Ineficiente
35.8,False,3,Apartamento,12,Eficiente
143.1,False,7,Casa,4,Moderado
297.6,True,19,Casa,8,Moderado
200.4,False,15,Casa,11,Eficiente
199.8,True,10,Casa,5,Ineficiente
214.5,False,17,Casa,5,Eficiente
318.4,True,16,Casa,2,Moderado
214.3,True,14,Casa,5,Moderado
208.9,True,13,Apartamento,11,Ineficiente
139.4,False,4,Comercial,8,Ineficiente
142.9,True,7,Casa,2,Ineficiente
140.1,False,14,Apartamento,6,Eficiente
168.3,True,5,Comercial,9,Ineficiente
465.9,False,12,Comercial,1,Ineficiente
47.4,True,4,Apartamento,9,Eficiente
518.7,True,20,Comercial,2,Ineficiente
142.6,False,4,Comercial,3,Ineficiente
44.6,True,4,Apartamento,5,Eficiente
315.7,False,16,Casa,6,Moderado
145.3,False,7,Casa,11,Ineficiente
130.0,False,10,Casa,2,Eficiente
167.2,False,9,Casa,3,Moderado
112.9,False,6,Casa,4,Moderado
301.7,False,19,Casa,11,Moderado
291.7,False,17,Apartamento,12,Moderado
78.2,False,7,Apartamento,5,Eficiente
218.6,False,17,Apartamento,9,Eficiente
391.8,True,18,Casa,11,Ineficiente
205.2,False,14,Casa,11,Moderado
250.5,True,15,Apartamento,8,Ineficiente
240.7,False,23,Apartamento,7,Eficiente
357.7,False,12,Comercial,12,Ineficiente
223.6,False,10,Comercial,3,Moderado
464.8,False,14,Comercial,4,Ineficiente
443.9,False,21,Casa,9,Ineficiente
392.0,False,18,Casa,0,Moderado
69.6,True,3,Casa,6,Ineficiente
185.3,False,12,Apartamento,11,Moderado
662.0,True,19,Comercial,2,Ineficiente
126.4,True,7,Casa,10,Ineficiente
419.2,False,24,Apartamento,5,Moderado
391.1,False,20,Casa,11,Ineficiente
465.0,False,21,Casa,8,Ineficiente
45.4,True,3,Casa,2,Moderado
269.5,False,15,Casa,9,Moderado
477.9,True,14,Comercial,0,Ineficiente
236.6,False,16,Casa,3,Eficiente
243.1,False,21,Apartamento,11,Eficiente
180.2,True,10,Apartamento,11,Ineficiente
242.1,True,14,Casa,0,Moderado
247.6,True,17,Casa,4,Moderado
239.1,True,19,Apartamento,1,Eficiente
320.9,True,19,Casa,3,Moderado
289.9,True,9,Comercial,12,Ineficiente
541.6,True,24,Casa,2,Ineficiente
36.2,True,2,Apartamento,8,Ineficiente
198.6,True,13,Apartamento,10,Ineficiente
322.5,False,16,Casa,11,Ineficiente
48.2,True,3,Casa,4,Moderado
437.1,False,12,Comercial,9,Ineficiente
224.3,True,15,Casa,6,Moderado
206.2,True,15,Casa,1,Eficiente
92.4,True,4,Casa,2,Ineficiente
175.5,False,8,Casa,9,Ineficiente
86.5,True,7,Apartamento,8,Moderado
247.5,False,16,Apartamento,6,Eficiente
158.8,True,9,Casa,10,Ineficiente
187.7,False,15,Apartamento,8,Eficiente
282.5,True,18,Casa,4,Moderado
281.4,True,20,Casa,3,Eficiente
86.5,False,6,Apartamento,12,Moderado
638.9,True,22,Comercial,12,Ineficiente
90.7,True,5,Casa,0,Moderado
29.9,False,2,Casa,10,Moderado
53.1,True,3,Apartamento,1,Moderado
91.0,True,6,Apartamento,11,Ineficiente
490.9,True,22,Casa,7,Ineficiente
82.7,True,6,Casa,8,Moderado
255.5,False,17,Apartamento,9,Moderado
239.5,False,11,Casa,7,Ineficiente
32.3,False,2,Casa,3,Eficiente
176.5,True,12,Casa,10,Moderado
30.9,False,2,Casa,7,Eficiente
186.6,False,12,Casa,7,Eficiente
406.7,True,14,Comercial,4,Ineficiente
163.0,False,13,Apartamento,0,Eficiente
96.6,False,8,Apartamento,7,Eficiente
620.8,False,19,Comercial,4,Ineficiente
197.6,True,15,Casa,8,Moderado
113.9,True,7,Casa,4,Moderado
367.6,False,11,Comercial,12,Ineficiente
58.0,False,4,Casa,8,Eficiente
268.1,True,23,Apartamento,5,Eficiente
218.2,True,19,Apartamento,9,Eficiente
100.9,False,8,Casa,8,Eficiente
301.2,True,17,Casa,8,Ineficiente
221.4,True,17,Casa,7,Moderado
248.8,False,16,Casa,12,Moderado
70.0,True,3,Casa,4,Ineficiente
495.4,True,22,Casa,5,Ineficiente
267.0,True,23,Apartamento,3,Eficiente
637.9,False,24,Comercial,7,Ineficiente
328.7,True,24,Apartamento,12,Moderado
499.6,False,23,Casa,7,Ineficiente
382.8,False,18,Casa,2,Moderado
41.9,False,3,Casa,11,Eficiente
167.3,False,12,Casa,10,Eficiente
199.5,False,7,Comercial,5,Ineficiente
154.0,True,7,Casa,1,Ineficiente
464.7,False,21,Casa,5,Moderado
214.0,False,20,Apartamento,10,Eficiente
263.2,False,14,Casa,7,Moderado
257.1,True,18,Casa,2,Eficiente
80.0,True,4,Casa,2,Ineficiente
122.5,False,7,Apartamento,12,Moderado
286.0,True,21,Apartamento,5,Moderado
162.0,False,12,Casa,8,Eficiente
440.0,True,14,Comercial,4,Ineficiente
340.2,False,12,Comercial,1,Ineficiente
99.7,False,6,Apartamento,5,Eficiente
341.8,False,21,Casa,9,Moderado
418.9,True,19,Casa,4,Ineficiente
440.8,False,17,Comercial,7,Ineficiente
143.0,True,10,Casa,5,Moderado
198.0,True,16,Apartamento,4,Eficiente
232.1,False,23,Apartamento,3,Eficiente
250.2,True,16,Casa,3,Moderado
199.5,False,13,Apartamento,3,Eficiente
188.5,True,8,Comercial,9,Ineficiente
150.3,True,14,Apartamento,4,Eficiente
140.3,False,10,Casa,9,Eficiente
358.3,True,16,Comercial,4,Ineficiente
51.4,False,3,Apartamento,4,Eficiente
106.4,False,6,Apartamento,12,Moderado
203.8,False,20,Apartamento,11,Eficiente
161.8,False,10,Apartamento,5,Eficiente
226.2,False,11,Casa,3,Moderado
327.1,True,14,Casa,9,Ineficiente
196.3,True,12,Casa,0,Moderado
231.8,False,19,Apartamento,5,Eficiente
95.2,False,7,Apartamento,7,Eficiente
322.9,False,19,Apartamento,8,Moderado
122.8,False,6,Casa,1,Moderado
137.6,False,10,Apartamento,0,Eficiente
381.0,True,15,Comercial,3,Ineficiente
449.9,False,22,Casa,1,Moderado
118.8,False,7,Apartamento,6,Moderado
197.4,False,15,Apartamento,11,Eficiente
50.8,True,3,Casa,5,Moderado
262.6,True,19,Apartamento,2,Eficiente
548.1,False,18,Comercial,0,Ineficiente
163.2,False,10,Apartamento,9,Moderado
617.5,True,16,Comercial,3,Ineficiente
290.0,False,10,Comercial,7,Ineficiente
130.4,False,8,Casa,8,Moderado
142.3,True,11,Apartamento,10,Moderado
126.4,False,9,Casa,2,Eficiente
526.9,False,20,Comercial,7,Ineficiente
148.9,True,11,Casa,11,Moderado
155.0,False,9,Casa,6,Moderado
336.2,False,14,Comercial,0,Moderado
310.5,True,19,Casa,3,Moderado
131.7,True,8,Apartamento,10,Ineficiente
350.9,False,23,Casa,10,Moderado
384.2,True,12,Comercial,4,Ineficiente
632.8,False,17,Comercial,2,Ineficiente
449.3,False,24,Casa,3,Moderado
125.7,False,11,Apartamento,3,Eficiente
97.9,False,6,Casa,9,Moderado
280.4,False,19,Apartamento,10,Moderado
28.1,False,2,Apartamento,0,Eficiente
132.6,True,12,Apartamento,9,Eficiente
418.2,True,24,Casa,9,Ineficiente
203.1,True,11,Casa,7,Ineficiente
204.8,True,17,Apartamento,11,Moderado
209.2,True,14,Apartamento,0,Eficiente
80.1,True,6,Casa,9,Moderado
146.1,True,9,Casa,1,Moderado
298.0,True,14,Casa,11,Ineficiente
102.7,True,4,Comercial,6,Ineficiente
210.5,False,11,Casa,1,Eficiente
187.3,False,11,Casa,9,Moderado
560.6,False,21,Comercial,9,Ineficiente
90.0,False,4,Casa,6,Ineficiente
266.4,False,21,Apartamento,4,Eficiente
166.7,False,11,Casa,0,Eficiente
597.9,True,16,Comercial,11,Ineficiente
224.9,False,14,Apartamento,2,Eficiente
266.2,True,8,Comercial,10,Ineficiente
302.1,False,23,Casa,7,Eficiente
76.3,False,7,Apartamento,8,Eficiente
30.3,True,2,Apartamento,9,Moderado
282.4,False,19,Casa,11,Moderado
240.6,True,16,Casa,0,Eficiente
462.3,True,22,Casa,12,Ineficiente
313.8,True,12,Comercial,0,Ineficiente
20.8,True,2,Apartamento,12,Eficiente
20.2,True,2,Apartamento,3,Eficiente
148.7,False,11,Apartamento,10,Eficiente
104.9,False,7,Apartamento,1,Eficiente
505.6,False,23,Casa,5,Moderado
55.2,False,4,Casa,7,Eficiente
251.9,True,22,Apartamento,12,Moderado
109.9,True,6,Casa,1,Moderado
110.2,False,4,Comercial,0,Ineficiente
110.8,False,8,Apartamento,8,Eficiente
112.9,True,5,Casa,0,Ineficiente
158.1,True,11,Apartamento,10,Moderado
153.7,False,9,Casa,0,Eficiente
543.3,False,14,Comercial,12,Ineficiente
310.4,True,14,Comercial,6,Ineficiente
75.6,True,2,Comercial,12,Ineficiente
90.2,False,5,Casa,3,Eficiente
135.3,False,6,Casa,5,Ineficiente
72.3,False,4,Casa,0,Eficiente
156.0,True,9,Casa,1,Moderado
217.6,False,14,Casa,4,Eficiente
295.7,False,9,Comercial,9,Ineficiente
168.8,False,9,Casa,9,Moderado
179.0,False,12,Casa,1,Eficiente
220.6,True,14,Apartamento,0,Eficiente
136.9,True,9,Apartamento,8,Moderado
92.0,False,7,Apartamento,4,Eficiente
108.2,False,11,Apartamento,10,Eficiente
58.1,False,2,Comercial,3,Ineficiente
128.1,False,13,Apartamento,4,Eficiente
239.9,True,23,Apartamento,2,Eficiente
147.6,True,11,Apartamento,3,Eficiente
53.9,False,4,Casa,9,Eficiente
280.4,True,18,Casa,6,Moderado
78.7,False,4,Casa,8,Moderado
95.6,True,6,Casa,1,Moderado
90.9,True,5,Apartamento,6,Ineficiente
494.9,False,22,Casa,5,Ineficiente
454.1,True,24,Casa,11,Ineficiente
345.6,False,15,Casa,5,Ineficiente
273.5,False,16,Apartamento,1,Eficiente
256.7,False,16,Casa,9,Moderado
257.5,False,16,Apartamento,1,Eficiente
328.5,False,14,Comercial,11,Ineficiente
479.8,False,24,Casa,4,Moderado
250.7,True,18,Apartamento,10,Moderado
51.1,True,4,Casa,8,Moderado
171.2,False,11,Casa,6,Eficiente
427.8,False,24,Apartamento,7,Moderado
293.5,False,11,Comercial,2,Ineficiente
87.4,False,6,Casa,0,Eficiente
238.9,False,21,Apartamento,9,Eficiente
284.4,True,16,Casa,12,Ineficiente
236.3,False,14,Apartamento,11,Moderado
177.8,True,11,Apartamento,3,Moderado
53.9,True,4,Apartamento,4,Eficiente
115.5,False,10,Apartamento,4,Eficiente
157.2,False,12,Casa,9,Eficiente
314.8,True,23,Apartamento,8,Moderado
149.8,False,9,Apartamento,10,Moderado
79.6,False,5,Apartamento,12,Moderado
187.1,False,11,Casa,5,Moderado
456.5,False,24,Casa,8,Moderado
225.0,True,13,Casa,6,Ineficiente
188.5,False,10,Casa,12,Ineficiente
309.2,True,17,Casa,4,Moderado
319.3,True,16,Casa,2,Ineficiente
112.5,True,8,Apartamento,4,Moderado
546.2,True,24,Casa,8,Ineficiente
200.9,False,15,Apartamento,12,Eficiente
29.8,True,3,Apartamento,10,Eficiente
129.6,False,11,Apartamento,0,Eficiente
414.2,True,23,Casa,6,Ineficiente
202.8,True,11,Casa,2,Moderado
216.6,False,15,Apartamento,4,Eficiente
541.8,False,16,Comercial,12,Ineficiente
280.2,False,18,Casa,12,Moderado
338.5,False,22,Apartamento,1,Eficiente
78.6,True,5,Apartamento,1,Moderado
172.3,False,13,Apartamento,9,Eficiente
237.2,False,14,Casa,5,Moderado
56.5,True,5,Apartamento,5,Eficiente
290.2,False,17,Casa,11,Moderado
140.7,False,4,Comercial,11,Ineficiente
269.0,False,12,Casa,11,Ineficiente
171.1,False,9,Casa,10,Moderado
131.9,False,5,Comercial,12,Ineficiente
399.4,True,20,Casa,9,Ineficiente
144.2,False,7,Casa,11,Ineficiente
113.3,True,7,Casa,7,Moderado
452.1,True,21,Casa,0,Moderado
294.7,True,22,Casa,10,Moderado
25.4,False,2,Casa,12,Eficiente
86.7,False,8,Apartamento,4,Eficiente
200.0,False,18,Apartamento,5,Eficiente
419.8,False,19,Casa,7,Ineficiente
320.9,False,24,Apartamento,8,Eficiente
218.0,False,14,Casa,8,Moderado
57.4,True,2,Comercial,5,Ineficiente
371.0,False,22,Casa,11,Moderado
61.7,True,5,Apartamento,10,Moderado
56.4,True,4,Casa,12,Moderado
260.3,True,17,Apartamento,7,Moderado
211.1,True,15,Casa,1,Eficiente
48.9,False,3,Apartamento,10,Moderado
73.9,False,5,Casa,1,Eficiente
512.5,True,15,Comercial,2,Ineficiente
116.0,False,7,Apartamento,3,Eficiente
184.5,True,17,Apartamento,2,Eficiente
115.8,True,11,Apartamento,9,Eficiente
571.4,True,15,Comercial,5,Ineficiente
211.2,True,12,Casa,2,Moderado
194.1,True,10,Casa,0,Moderado
115.7,True,9,Casa,2,Eficiente
281.0,True,18,Casa,9,Moderado
182.6,True,13,Apartamento,10,Moderado
554.3,False,15,Comercial,3,Ineficiente
388.3,True,15,Comercial,0,Ineficiente
97.9,True,6,Apartamento,7,Moderado
353.3,False,23,Apartamento,10,Moderado
323.0,True,14,Comercial,0,Ineficiente
473.1,False,18,Comercial,10,Ineficiente
333.7,True,22,Casa,2,Moderado
310.9,False,23,Apartamento,3,Eficiente
257.3,False,17,Apartamento,8,Eficiente
345.6,False,20,Casa,0,Eficiente
182.9,False,12,Casa,3,Eficiente
603.5,True,18,Comercial,1,Ineficiente
283.7,True,9,Comercial,2,Ineficiente
546.3,True,18,Comercial,10,Ineficiente
43.4,False,3,Apartamento,2,Eficiente
344.9,True,23,Casa,0,Eficiente
139.6,True,7,Casa,2,Ineficiente
221.9,False,17,Apartamento,1,Eficiente
25.7,True,2,Apartamento,8,Moderado
55.3,True,5,Apartamento,12,Moderado
355.5,False,24,Apartamento,2,Eficiente
401.3,True,21,Casa,9,Ineficiente
88.6,False,7,Apartamento,4,Eficiente
109.4,False,5,Casa,0,Moderado
434.6,False,20,Casa,8,Ineficiente
330.7,True,24,Casa,2,Eficiente
100.5,True,5,Casa,6,Ineficiente
477.5,False,17,Comercial,6,Ineficiente
187.2,False,8,Casa,7,Ineficiente
285.6,False,19,Casa,1,Eficiente
133.7,True,11,Apartamento,3,Eficiente
54.1,True,4,Apartamento,9,Moderado
139.5,True,9,Casa,12,Ineficiente
281.0,True,14,Casa,0,Moderado
355.9,True,20,Casa,5,Moderado
23.3,False,2,Apartamento,11,Eficiente
433.7,True,24,Casa,3,Moderado
355.2,False,16,Casa,5,Moderado
465.5,False,22,Casa,11,Ineficiente
321.8,True,23,Apartamento,12,Moderado
78.6,False,5,Casa,8,Moderado
45.2,False,4,Apartamento,9,Eficiente
419.6,True,19,Casa,7,Ineficiente
94.6,False,6,Apartamento,3,Eficiente
93.9,False,5,Casa,11,Ineficiente
265.2,False,12,Casa,0,Moderado
320.0,False,23,Casa,0,Eficiente
310.7,False,20,Apartamento,7,Eficiente
323.7,True,13,Comercial,10,Ineficiente
83.4,False,6,Casa,10,Eficiente
158.7,False,9,Casa,8,Moderado
475.5,False,17,Comercial,4,Ineficiente
88.5,False,5,Apartamento,4,Moderado
225.4,False,14,Casa,5,Eficiente
42.8,False,2,Casa,3,Moderado
144.8,True,9,Apartamento,5,Moderado
107.9,False,7,Apartamento,1,Eficiente
298.0,True,17,Apartamento,4,Moderado
651.9,False,23,Comercial,12,Ineficiente
84.0,False,5,Casa,9,Moderado
286.8,False,20,Casa,1,Eficiente
264.8,True,17,Casa,3,Moderado
530.4,False,24,Casa,3,Moderado
389.9,True,22,Casa,3,Moderado
65.1,True,4,Casa,8,Ineficiente
283.7,True,19,Casa,11,Ineficiente
208.1,False,15,Apartamento,9,Eficiente
81.4,True,4,Casa,6,Ineficiente
109.9,False,7,Casa,2,Eficiente
371.8,True,23,Apartamento,1,Moderado
211.3,False,14,Apartamento,10,Moderado
147.7,False,9,Apartamento,8,Moderado
107.2,False,9,Apartamento,6,Eficiente
317.1,False,21,Apartamento,7,Eficiente
114.1,False,8,Casa,11,Moderado
82.6,False,5,Casa,10,Moderado
238.3,False,15,Apartamento,1,Eficiente
466.1,True,24,Casa,5,Ineficiente
87.8,True,6,Casa,0,Eficiente
153.1,False,7,Casa,5,Moderado
158.1,False,12,Casa,8,Eficiente
114.2,False,6,Casa,2,Moderado
371.6,False,16,Casa,1,Moderado
99.9,True,7,Apartamento,6,Moderado
141.6,False,4,Comercial,6,Ineficiente
152.2,False,8,Casa,9,Moderado
807.2,False,23,Comercial,0,Ineficiente
452.6,False,23,Casa,3,Moderado
434.7,False,13,Comercial,10,Ineficiente
276.1,False,11,Comercial,8,Ineficiente
412.2,False,20,Casa,11,Ineficiente
70.8,True,6,Apartamento,10,Moderado
657.1,False,17,Comercial,10,Ineficiente
426.7,False,17,Comercial,6,Ineficiente
454.7,False,18,Comercial,12,Ineficiente
119.1,True,7,Apartamento,5,Moderado
274.0,False,18,Casa,11,Moderado
205.3,True,16,Apartamento,5,Eficiente
347.7,False,22,Apartamento,5,Eficiente
66.8,True,6,Apartamento,8,Eficiente
229.1,True,16,Casa,5,Moderado
291.6,False,21,Apartamento,1,Eficiente
121.9,True,8,Casa,11,Ineficiente
223.8,True,19,Apartamento,5,Eficiente
50.8,False,4,Casa,12,Eficiente
232.4,False,18,Apartamento,5,Eficiente
187.1,True,15,Apartamento,12,Moderado
77.6,False,6,Casa,7,Eficiente
45.1,False,3,Apartamento,9,Moderado
368.0,False,19,Casa,9,Moderado
155.9,True,7,Comercial,2,Ineficiente
162.0,True,13,Apartamento,10,Moderado
66.1,False,3,Casa,12,Ineficiente
453.3,False,24,Casa,8,Moderado
238.7,True,14,Casa,12,Ineficiente
405.3,False,23,Casa,10,Moderado
123.7,True,5,Comercial,8,Ineficiente
99.7,False,6,Apartamento,6,Moderado
359.5,False,16,Casa,11,Ineficiente
560.9,False,15,Comercial,2,Ineficiente
300.4,False,20,Casa,7,Eficiente
611.6,True,23,Comercial,10,Ineficiente
286.7,False,20,Casa,12,Moderado
61.9,True,5,Apartamento,3,Eficiente
242.9,False,9,Comercial,1,Ineficiente
447.1,False,23,Casa,4,Moderado
159.5,True,14,Apartamento,11,Moderado
788.5,True,21,Comercial,6,Ineficiente
192.0,True,14,Casa,0,Eficiente
38.0,True,3,Casa,1,Eficiente
203.8,True,12,Apartamento,4,Moderado
404.0,False,20,Casa,4,Moderado
279.4,False,17,Casa,1,Eficiente
95.2,False,5,Casa,6,Moderado
70.1,False,6,Apartamento,6,Eficiente
302.8,False,21,Casa,2,Eficiente
424.5,True,24,Casa,3,Moderado
242.6,False,19,Apartamento,8,Eficiente
59.9,False,4,Apartamento,12,Moderado
